,Date,Home Team,Away Team,Home Score,Away Score,Tournament,City,Country,Neutral,Outcome,Winning Team,Losing Team,Total Goals,Year,Decade,Month,Month Name,Day of Week
2,1874-03-07,Scotland,England,2,1,Friendly,Glasgow,Scotland,False,H,Scotland,England,3,1874,1870,3,March,Saturday
4,1876-03-04,Scotland,England,3,0,Friendly,Glasgow,Scotland,False,H,Scotland,England,3,1876,1870,3,March,Saturday
5,1876-03-25,Scotland,Wales,4,0,Friendly,Glasgow,Scotland,False,H,Scotland,Wales,4,1876,1870,3,March,Saturday
6,1877-03-03,England,Scotland,1,3,Friendly,London,England,False,A,Scotland,England,4,1877,1870,3,March,Saturday
7,1877-03-05,Wales,Scotland,0,2,Friendly,Wrexham,Wales,False,A,Scotland,Wales,2,1877,1870,3,March,Monday
8,1878-03-02,Scotland,England,7,2,Friendly,Glasgow,Scotland,False,H,Scotland,England,9,1878,1870,3,March,Saturday
9,1878-03-23,Scotland,Wales,9,0,Friendly,Glasgow,Scotland,False,H,Scotland,Wales,9,1878,1870,3,March,Saturday
12,1879-04-07,Wales,Scotland,0,3,Friendly,Wrexham,Wales,False,A,Scotland,Wales,3,1879,1870,4,April,Monday
13,1880-03-13,Scotland,England,5,4,Friendly,Glasgow,Scotland,False,H,Scotland,England,9,1880,1880,3,March,Saturday
15,1880-03-27,Scotland,Wales,5,1,Friendly,Glasgow,Scotland,False,H,Scotland,Wales,6,1880,1880,3,March,Saturday
17,1881-03-12,England,Scotland,1,6,Friendly,London,England,False,A,Scotland,England,7,1881,1880,3,March,Saturday
18,1881-03-14,Wales,Scotland,1,5,Friendly,Wrexham,Wales,False,A,Scotland,Wales,6,1881,1880,3,March,Monday
21,1882-03-11,Scotland,England,5,1,Friendly,Glasgow,Scotland,False,H,Scotland,England,6,1882,1880,3,March,Saturday
23,1882-03-25,Scotland,Wales,5,0,Friendly,Glasgow,Scotland,False,H,Scotland,Wales,5,1882,1880,3,March,Saturday
26,1883-03-10,England,Scotland,2,3,Friendly,Sheffield,England,False,A,Scotland,England,5,1883,1880,3,March,Saturday
27,1883-03-12,Wales,Scotland,0,3,Friendly,Wrexham,Wales,False,A,Scotland,Wales,3,1883,1880,3,March,Monday
29,1884-01-26,Northern Ireland,Scotland,0,5,British Championship,Belfast,Ireland,False,A,Scotland,Northern Ireland,5,1884,1880,1,January,Saturday
32,1884-03-15,Scotland,England,1,0,British Championship,Glasgow,Scotland,False,H,Scotland,England,1,1884,1880,3,March,Saturday
34,1884-03-29,Scotland,Wales,4,1,British Championship,Glasgow,Scotland,False,H,Scotland,Wales,5,1884,1880,3,March,Saturday
37,1885-03-14,Scotland,Northern Ireland,8,2,British Championship,Glasgow,Scotland,False,H,Scotland,Northern Ireland,10,1885,1880,3,March,Saturday
39,1885-03-23,Wales,Scotland,1,8,British Championship,Wrexham,Wales,False,A,Scotland,Wales,9,1885,1880,3,March,Monday
44,1886-03-20,Northern Ireland,Scotland,2,7,British Championship,Belfast,Ireland,False,A,Scotland,Northern Ireland,9,1886,1880,3,March,Saturday
47,1886-04-10,Scotland,Wales,4,1,British Championship,Glasgow,Scotland,False,H,Scotland,Wales,5,1886,1880,4,April,Saturday
50,1887-02-19,Scotland,Northern Ireland,4,1,British Championship,Glasgow,Scotland,False,H,Scotland,Northern Ireland,5,1887,1880,2,February,Saturday
53,1887-03-19,England,Scotland,2,3,British Championship,Blackburn,England,False,A,Scotland,England,5,1887,1880,3,March,Saturday
54,1887-03-21,Wales,Scotland,0,2,British Championship,Wrexham,Wales,False,A,Scotland,Wales,2,1887,1880,3,March,Monday
57,1888-03-10,Scotland,Wales,5,1,British Championship,Edinburgh,Scotland,False,H,Scotland,Wales,6,1888,1880,3,March,Saturday
59,1888-03-24,Northern Ireland,Scotland,2,10,British Championship,Belfast,Ireland,False,A,Scotland,Northern Ireland,12,1888,1880,3,March,Saturday
61,1888-09-19,Scotland,Canada,4,0,Friendly,Glasgow,Scotland,False,H,Scotland,Canada,4,1888,1880,9,September,Wednesday
64,1889-03-09,Scotland,Northern Ireland,7,0,British Championship,Glasgow,Scotland,False,H,Scotland,Northern Ireland,7,1889,1880,3,March,Saturday
65,1889-04-13,England,Scotland,2,3,British Championship,London,England,False,A,Scotland,England,5,1889,1880,4,April,Saturday
71,1890-03-22,Scotland,Wales,5,0,British Championship,Paisley,Scotland,False,H,Scotland,Wales,5,1890,1890,3,March,Saturday
72,1890-03-29,Northern Ireland,Scotland,1,4,British Championship,Belfast,Ireland,False,A,Scotland,Northern Ireland,5,1890,1890,3,March,Saturday
77,1891-03-21,Wales,Scotland,3,4,British Championship,Wrexham,Wales,False,A,Scotland,Wales,7,1891,1890,3,March,Saturday
78,1891-03-28,Scotland,Northern Ireland,2,1,British Championship,Glasgow,Scotland,False,H,Scotland,Northern Ireland,3,1891,1890,3,March,Saturday
83,1892-03-19,Northern Ireland,Scotland,2,3,British Championship,Belfast,Ireland,False,A,Scotland,Northern Ireland,5,1892,1890,3,March,Saturday
84,1892-03-26,Scotland,Wales,6,1,British Championship,Edinburgh,Scotland,False,H,Scotland,Wales,7,1892,1890,3,March,Saturday
88,1893-03-18,Wales,Scotland,0,8,British Championship,Wrexham,Wales,False,A,Scotland,Wales,8,1893,1890,3,March,Saturday
89,1893-03-25,Scotland,Northern Ireland,6,1,British Championship,Glasgow,Scotland,False,H,Scotland,Northern Ireland,7,1893,1890,3,March,Saturday
94,1894-03-24,Scotland,Wales,5,2,British Championship,Kilmarnock,Scotland,False,H,Scotland,Wales,7,1894,1890,3,March,Saturday
95,1894-03-31,Northern Ireland,Scotland,1,2,British Championship,Belfast,Ireland,False,A,Scotland,Northern Ireland,3,1894,1890,3,March,Saturday
101,1895-03-30,Scotland,Northern Ireland,3,1,British Championship,Glasgow,Scotland,False,H,Scotland,Northern Ireland,4,1895,1890,3,March,Saturday
106,1896-03-21,Scotland,Wales,4,0,British Championship,Dundee,Scotland,False,H,Scotland,Wales,4,1896,1890,3,March,Saturday
108,1896-04-04,Scotland,England,2,1,British Championship,Glasgow,Scotland,False,H,Scotland,England,3,1896,1890,4,April,Saturday
112,1897-03-27,Scotland,Northern Ireland,5,1,British Championship,Glasgow,Scotland,False,H,Scotland,Northern Ireland,6,1897,1890,3,March,Saturday
114,1897-04-03,England,Scotland,1,2,British Championship,London,England,False,A,Scotland,England,3,1897,1890,4,April,Saturday
117,1898-03-19,Scotland,Wales,5,2,British Championship,Motherwell,Scotland,False,H,Scotland,Wales,7,1898,1890,3,March,Saturday
118,1898-03-26,Northern Ireland,Scotland,0,3,British Championship,Belfast,Ireland,False,A,Scotland,Northern Ireland,3,1898,1890,3,March,Saturday
123,1899-03-18,Wales,Scotland,0,6,British Championship,Wrexham,Wales,False,A,Scotland,Wales,6,1899,1890,3,March,Saturday
125,1899-03-25,Scotland,Northern Ireland,9,1,British Championship,Glasgow,Scotland,False,H,Scotland,Northern Ireland,10,1899,1890,3,March,Saturday
127,1900-02-03,Scotland,Wales,5,2,British Championship,Aberdeen,Scotland,False,H,Scotland,Wales,7,1900,1900,2,February,Saturday
129,1900-03-03,Northern Ireland,Scotland,0,3,British Championship,Belfast,Ireland,False,A,Scotland,Northern Ireland,3,1900,1900,3,March,Saturday
132,1900-04-07,Scotland,England,4,1,British Championship,Glasgow,Scotland,False,H,Scotland,England,5,1900,1900,4,April,Saturday
133,1901-02-23,Scotland,Northern Ireland,11,0,British Championship,Glasgow,Scotland,False,H,Scotland,Northern Ireland,11,1901,1900,2,February,Saturday
140,1902-03-01,Northern Ireland,Scotland,1,5,British Championship,Belfast,Ireland,False,A,Scotland,Northern Ireland,6,1902,1900,3,March,Saturday
142,1902-03-15,Scotland,Wales,5,1,British Championship,Greenock,Scotland,False,H,Scotland,Wales,6,1902,1900,3,March,Saturday
149,1903-03-09,Wales,Scotland,0,1,British Championship,Cardiff,Wales,False,A,Scotland,Wales,1,1903,1900,3,March,Monday
152,1903-04-04,England,Scotland,1,2,British Championship,Sheffield,England,False,A,Scotland,England,3,1903,1900,4,April,Saturday
169,1905-03-18,Scotland,Northern Ireland,4,0,British Championship,Glasgow,Scotland,False,H,Scotland,Northern Ireland,4,1905,1900,3,March,Saturday
180,1906-03-17,Northern Ireland,Scotland,0,1,British Championship,Dublin,Ireland,False,A,Scotland,Northern Ireland,1,1906,1900,3,March,Saturday
184,1906-04-07,Scotland,England,2,1,British Championship,Glasgow,Scotland,False,H,Scotland,England,3,1906,1900,4,April,Saturday
195,1907-03-16,Scotland,Northern Ireland,3,0,British Championship,Glasgow,Scotland,False,H,Scotland,Northern Ireland,3,1907,1900,3,March,Saturday
206,1908-03-07,Scotland,Wales,2,1,British Championship,Dundee,Scotland,False,H,Scotland,Wales,3,1908,1900,3,March,Saturday
208,1908-03-14,Northern Ireland,Scotland,0,5,British Championship,Dublin,Ireland,False,A,Scotland,Northern Ireland,5,1908,1900,3,March,Saturday
234,1909-03-15,Scotland,Northern Ireland,5,0,British Championship,Glasgow,Scotland,False,H,Scotland,Northern Ireland,5,1909,1900,3,March,Monday
252,1910-03-05,Scotland,Wales,1,0,British Championship,Kilmarnock,Scotland,False,H,Scotland,Wales,1,1910,1910,3,March,Saturday
256,1910-04-02,Scotland,England,2,0,British Championship,Glasgow,Scotland,False,H,Scotland,England,2,1910,1910,4,April,Saturday
284,1911-03-18,Scotland,Northern Ireland,2,0,British Championship,Glasgow,Scotland,False,H,Scotland,Northern Ireland,2,1911,1910,3,March,Saturday
315,1912-03-02,Scotland,Wales,1,0,British Championship,Edinburgh,Scotland,False,H,Scotland,Wales,1,1912,1910,3,March,Saturday
318,1912-03-16,Northern Ireland,Scotland,1,4,British Championship,Belfast,Ireland,False,A,Scotland,Northern Ireland,5,1912,1910,3,March,Saturday
356,1913-03-15,Northern Ireland,Scotland,1,2,British Championship,Dublin,Ireland,False,A,Scotland,Northern Ireland,3,1913,1910,3,March,Saturday
397,1914-04-14,Scotland,England,3,1,British Championship,Glasgow,Scotland,False,H,Scotland,England,4,1914,1910,4,April,Tuesday
538,1920-03-13,Scotland,Northern Ireland,3,0,British Championship,Glasgow,Scotland,False,H,Scotland,Northern Ireland,3,1920,1920,3,March,Saturday
569,1921-02-12,Scotland,Wales,2,1,British Championship,Aberdeen,Scotland,False,H,Scotland,Wales,3,1921,1920,2,February,Saturday
571,1921-02-26,Northern Ireland,Scotland,0,2,British Championship,Belfast,Ireland,False,A,Scotland,Northern Ireland,2,1921,1920,2,February,Saturday
579,1921-04-09,Scotland,England,3,0,British Championship,Glasgow,Scotland,False,H,Scotland,England,3,1921,1920,4,April,Saturday
595,1921-07-09,Canada,Scotland,0,1,Friendly,Montréal,Canada,False,A,Scotland,Canada,1,1921,1920,7,July,Saturday
625,1922-03-04,Scotland,Northern Ireland,2,1,British Championship,Glasgow,Scotland,False,H,Scotland,Northern Ireland,3,1922,1920,3,March,Saturday
630,1922-04-08,England,Scotland,0,1,British Championship,Birmingham,England,False,A,Scotland,England,1,1922,1920,4,April,Saturday
699,1923-03-03,Northern Ireland,Scotland,0,1,British Championship,Belfast,Northern Ireland,False,A,Scotland,Northern Ireland,1,1923,1920,3,March,Saturday
703,1923-03-17,Scotland,Wales,2,0,British Championship,Paisley,Scotland,False,H,Scotland,Wales,2,1923,1920,3,March,Saturday
782,1924-03-01,Scotland,Northern Ireland,2,0,British Championship,Glasgow,Scotland,False,H,Scotland,Northern Ireland,2,1924,1920,3,March,Saturday
860,1925-02-14,Scotland,Wales,3,1,British Championship,Edinburgh,Scotland,False,H,Scotland,Wales,4,1925,1920,2,February,Saturday
862,1925-02-28,Northern Ireland,Scotland,0,3,British Championship,Belfast,Northern Ireland,False,A,Scotland,Northern Ireland,3,1925,1920,2,February,Saturday
872,1925-04-04,Scotland,England,2,0,British Championship,Glasgow,Scotland,False,H,Scotland,England,2,1925,1920,4,April,Saturday
927,1925-10-31,Wales,Scotland,0,3,British Championship,Cardiff,Wales,False,A,Scotland,Wales,3,1925,1920,10,October,Saturday
948,1926-02-27,Scotland,Northern Ireland,4,0,British Championship,Glasgow,Scotland,False,H,Scotland,Northern Ireland,4,1926,1920,2,February,Saturday
956,1926-04-17,England,Scotland,0,1,British Championship,Manchester,England,False,A,Scotland,England,1,1926,1920,4,April,Saturday
1014,1926-10-30,Scotland,Wales,3,0,British Championship,Glasgow,Scotland,False,H,Scotland,Wales,3,1926,1920,10,October,Saturday
1030,1927-02-26,Northern Ireland,Scotland,0,2,British Championship,Belfast,Northern Ireland,False,A,Scotland,Northern Ireland,2,1927,1920,2,February,Saturday
1117,1928-03-31,England,Scotland,1,5,British Championship,London,England,False,A,Scotland,England,6,1928,1920,3,March,Saturday
1172,1928-10-27,Scotland,Wales,4,2,British Championship,Glasgow,Scotland,False,H,Scotland,Wales,6,1928,1920,10,October,Saturday
1183,1929-02-23,Northern Ireland,Scotland,3,7,British Championship,Belfast,Northern Ireland,False,A,Scotland,Northern Ireland,10,1929,1920,2,February,Saturday
1191,1929-04-13,Scotland,England,1,0,British Championship,Glasgow,Scotland,False,H,Scotland,England,1,1929,1920,4,April,Saturday
1211,1929-05-26,Norway,Scotland,3,7,Friendly,Bergen,Norway,False,A,Scotland,Norway,10,1929,1920,5,May,Sunday
1213,1929-06-04,Netherlands,Scotland,0,2,Friendly,Amsterdam,Netherlands,False,A,Scotland,Netherlands,2,1929,1920,6,June,Tuesday
1247,1929-10-26,Wales,Scotland,2,4,British Championship,Cardiff,Wales,False,A,Scotland,Wales,6,1929,1920,10,October,Saturday
1269,1930-02-22,Scotland,Northern Ireland,3,1,British Championship,Glasgow,Scotland,False,H,Scotland,Northern Ireland,4,1930,1930,2,February,Saturday
1291,1930-05-18,France,Scotland,0,2,Friendly,Colombes,France,False,A,Scotland,France,2,1930,1930,5,May,Sunday
1379,1931-03-28,Scotland,England,2,0,British Championship,Glasgow,Scotland,False,H,Scotland,England,2,1931,1930,3,March,Saturday
1402,1931-05-24,Switzerland,Scotland,2,3,Friendly,Geneva,Switzerland,False,A,Scotland,Switzerland,5,1931,1930,5,May,Sunday
1432,1931-09-19,Scotland,Northern Ireland,3,1,British Championship,Glasgow,Scotland,False,H,Scotland,Northern Ireland,4,1931,1930,9,September,Saturday
1447,1931-10-31,Wales,Scotland,2,3,British Championship,Wrexham,Wales,False,A,Scotland,Wales,5,1931,1930,10,October,Saturday
1485,1932-05-08,France,Scotland,1,3,Friendly,Colombes,France,False,A,Scotland,France,4,1932,1930,5,May,Sunday
1527,1932-09-17,Northern Ireland,Scotland,0,4,British Championship,Belfast,Northern Ireland,False,A,Scotland,Northern Ireland,4,1932,1930,9,September,Saturday
1562,1933-04-01,Scotland,England,2,1,British Championship,Glasgow,Scotland,False,H,Scotland,England,3,1933,1930,4,April,Saturday
1743,1934-11-21,Scotland,Wales,3,2,British Championship,Aberdeen,Scotland,False,H,Scotland,Wales,5,1934,1930,11,November,Wednesday
1772,1935-04-06,Scotland,England,2,0,British Championship,Glasgow,Scotland,False,H,Scotland,England,2,1935,1930,4,April,Saturday
1787,1935-05-19,United States,Scotland,1,5,Friendly,New York,United States,False,A,Scotland,United States,6,1935,1930,5,May,Sunday
1794,1935-06-09,United States,Scotland,1,4,Friendly,Newark,United States,False,A,Scotland,United States,5,1935,1930,6,June,Sunday
1846,1935-11-13,Scotland,Northern Ireland,2,1,British Championship,Edinburgh,Scotland,False,H,Scotland,Northern Ireland,3,1935,1930,11,November,Wednesday
1919,1936-10-14,Scotland,Germany,2,0,Friendly,Glasgow,Scotland,False,H,Scotland,Germany,2,1936,1930,10,October,Wednesday
1924,1936-10-31,Northern Ireland,Scotland,1,3,British Championship,Belfast,Northern Ireland,False,A,Scotland,Northern Ireland,4,1936,1930,10,October,Saturday
1966,1937-04-17,Scotland,England,3,1,British Championship,Glasgow,Scotland,False,H,Scotland,England,4,1937,1930,4,April,Saturday
2052,1937-12-08,Scotland,Czechoslovakia,5,0,Friendly,Glasgow,Scotland,False,H,Scotland,Czechoslovakia,5,1937,1930,12,December,Wednesday
2082,1938-04-09,England,Scotland,0,1,British Championship,London,England,False,A,Scotland,England,1,1938,1930,4,April,Saturday
2092,1938-05-21,Netherlands,Scotland,1,3,Friendly,Amsterdam,Netherlands,False,A,Scotland,Netherlands,4,1938,1930,5,May,Saturday
2170,1938-10-08,Northern Ireland,Scotland,0,2,British Championship,Belfast,Northern Ireland,False,A,Scotland,Northern Ireland,2,1938,1930,10,October,Saturday
2181,1938-11-09,Scotland,Wales,3,2,British Championship,Edinburgh,Scotland,False,H,Scotland,Wales,5,1938,1930,11,November,Wednesday
2187,1938-12-07,Scotland,Hungary,3,1,Friendly,Glasgow,Scotland,False,H,Scotland,Hungary,4,1938,1930,12,December,Wednesday
2604,1946-04-13,Scotland,England,1,0,Friendly,Glasgow,Scotland,False,H,Scotland,England,1,1946,1940,4,April,Saturday
2612,1946-05-15,Scotland,Switzerland,3,1,Friendly,Glasgow,Scotland,False,H,Scotland,Switzerland,4,1946,1940,5,May,Wednesday
2692,1947-05-24,Luxembourg,Scotland,0,6,Friendly,Luxembourg,Luxembourg,False,A,Scotland,Luxembourg,6,1947,1940,5,May,Saturday
2836,1948-04-28,Scotland,Belgium,2,0,Friendly,Glasgow,Scotland,False,H,Scotland,Belgium,2,1948,1940,4,April,Wednesday
2906,1948-10-23,Wales,Scotland,1,3,British Championship,Cardiff,Wales,False,A,Scotland,Wales,4,1948,1940,10,October,Saturday
2915,1948-11-17,Scotland,Northern Ireland,3,2,British Championship,Glasgow,Scotland,False,H,Scotland,Northern Ireland,5,1948,1940,11,November,Wednesday
2941,1949-04-09,England,Scotland,1,3,British Championship,London,England,False,A,Scotland,England,4,1949,1940,4,April,Saturday
2965,1949-04-27,Scotland,France,2,0,Friendly,Glasgow,Scotland,False,H,Scotland,France,2,1949,1940,4,April,Wednesday
3009,1949-06-19,United States,Scotland,0,4,Friendly,New York,United States,False,A,Scotland,United States,4,1949,1940,6,June,Sunday
3036,1949-10-01,Northern Ireland,Scotland,2,8,FIFA World Cup qualification,Belfast,Northern Ireland,False,A,Scotland,Northern Ireland,10,1949,1940,10,October,Saturday
3058,1949-11-09,Scotland,Wales,2,0,FIFA World Cup qualification,Glasgow,Scotland,False,H,Scotland,Wales,2,1949,1940,11,November,Wednesday
3100,1950-04-26,Scotland,Switzerland,3,1,Friendly,Glasgow,Scotland,False,H,Scotland,Switzerland,4,1950,1950,4,April,Wednesday
3115,1950-05-27,France,Scotland,0,1,Friendly,Colombes,France,False,A,Scotland,France,1,1950,1950,5,May,Saturday
3183,1950-10-21,Wales,Scotland,1,3,British Championship,Cardiff,Wales,False,A,Scotland,Wales,4,1950,1950,10,October,Saturday
3190,1950-11-01,Scotland,Northern Ireland,6,1,British Championship,Glasgow,Scotland,False,H,Scotland,Northern Ireland,7,1950,1950,11,November,Wednesday
3224,1951-04-14,England,Scotland,2,3,British Championship,London,England,False,A,Scotland,England,5,1951,1950,4,April,Saturday
3230,1951-05-12,Scotland,Denmark,3,1,Friendly,Glasgow,Scotland,False,H,Scotland,Denmark,4,1951,1950,5,May,Saturday
3233,1951-05-16,Scotland,France,1,0,Friendly,Glasgow,Scotland,False,H,Scotland,France,1,1951,1950,5,May,Wednesday
3237,1951-05-20,Belgium,Scotland,0,5,Friendly,Brussels,Belgium,False,A,Scotland,Belgium,5,1951,1950,5,May,Sunday
3279,1951-10-06,Northern Ireland,Scotland,0,3,British Championship,Belfast,Northern Ireland,False,A,Scotland,Northern Ireland,3,1951,1950,10,October,Saturday
3341,1952-04-30,Scotland,United States,6,0,Friendly,Glasgow,Scotland,False,H,Scotland,United States,6,1952,1950,4,April,Wednesday
3352,1952-05-25,Denmark,Scotland,1,2,Friendly,Copenhagen,Denmark,False,A,Scotland,Denmark,3,1952,1950,5,May,Sunday
3401,1952-10-18,Wales,Scotland,1,2,British Championship,Cardiff,Wales,False,A,Scotland,Wales,3,1952,1950,10,October,Saturday
3555,1953-10-03,Northern Ireland,Scotland,1,3,FIFA World Cup qualification,Belfast,Northern Ireland,False,A,Scotland,Northern Ireland,4,1953,1950,10,October,Saturday
3635,1954-05-05,Scotland,Norway,1,0,Friendly,Glasgow,Scotland,False,H,Scotland,Norway,1,1954,1950,5,May,Wednesday
3648,1954-05-25,Finland,Scotland,1,2,Friendly,Helsinki,Finland,False,A,Scotland,Finland,3,1954,1950,5,May,Tuesday
3724,1954-10-16,Wales,Scotland,0,1,British Championship,Cardiff,Wales,False,A,Scotland,Wales,1,1954,1950,10,October,Saturday
3780,1955-05-04,Scotland,Portugal,3,0,Friendly,Glasgow,Scotland,False,H,Scotland,Portugal,3,1955,1950,5,May,Wednesday
3788,1955-05-19,Austria,Scotland,1,4,Friendly,Vienna,Austria,False,A,Scotland,Austria,5,1955,1950,5,May,Thursday
3874,1955-11-09,Scotland,Wales,2,0,British Championship,Glasgow,Scotland,False,H,Scotland,Wales,2,1955,1950,11,November,Wednesday
4065,1956-11-07,Scotland,Northern Ireland,1,0,British Championship,Glasgow,Scotland,False,H,Scotland,Northern Ireland,1,1956,1950,11,November,Wednesday
4076,1956-11-21,Scotland,Yugoslavia,2,0,Friendly,Glasgow,Scotland,False,H,Scotland,Yugoslavia,2,1956,1950,11,November,Wednesday
4152,1957-05-08,Scotland,Spain,4,2,FIFA World Cup qualification,Glasgow,Scotland,False,H,Scotland,Spain,6,1957,1950,5,May,Wednesday
4161,1957-05-19,Switzerland,Scotland,1,2,FIFA World Cup qualification,Basel,Switzerland,False,A,Scotland,Switzerland,3,1957,1950,5,May,Sunday
4162,1957-05-22,Germany,Scotland,1,3,Friendly,Stuttgart,Germany,False,A,Scotland,Germany,4,1957,1950,5,May,Wednesday
4295,1957-11-06,Scotland,Switzerland,3,2,FIFA World Cup qualification,Glasgow,Scotland,False,H,Scotland,Switzerland,5,1957,1950,11,November,Wednesday
4367,1958-06-01,Poland,Scotland,1,2,Friendly,Warsaw,Poland,False,A,Scotland,Poland,3,1958,1950,6,June,Sunday
4449,1958-10-18,Wales,Scotland,0,3,British Championship,Cardiff,Wales,False,A,Scotland,Wales,3,1958,1950,10,October,Saturday
4525,1959-05-06,Scotland,Germany,3,2,Friendly,Glasgow,Scotland,False,H,Scotland,Germany,5,1959,1950,5,May,Wednesday
4543,1959-05-27,Netherlands,Scotland,1,2,Friendly,Amsterdam,Netherlands,False,A,Scotland,Netherlands,3,1959,1950,5,May,Wednesday
4592,1959-10-03,Northern Ireland,Scotland,0,4,British Championship,Belfast,Northern Ireland,False,A,Scotland,Northern Ireland,4,1959,1950,10,October,Saturday
4844,1960-11-09,Scotland,Northern Ireland,5,2,British Championship,Glasgow,Scotland,False,H,Scotland,Northern Ireland,7,1960,1960,11,November,Wednesday
4923,1961-05-03,Scotland,Republic of Ireland,4,1,FIFA World Cup qualification,Glasgow,Scotland,False,H,Scotland,Republic of Ireland,5,1961,1960,5,May,Wednesday
4925,1961-05-07,Republic of Ireland,Scotland,0,3,FIFA World Cup qualification,Dublin,Republic of Ireland,False,A,Scotland,Republic of Ireland,3,1961,1960,5,May,Sunday
4995,1961-09-26,Scotland,Czechoslovakia,3,2,FIFA World Cup qualification,Glasgow,Scotland,False,H,Scotland,Czechoslovakia,5,1961,1960,9,September,Tuesday
5005,1961-10-07,Northern Ireland,Scotland,1,6,British Championship,Belfast,Northern Ireland,False,A,Scotland,Northern Ireland,7,1961,1960,10,October,Saturday
5040,1961-11-08,Scotland,Wales,2,0,British Championship,Glasgow,Scotland,False,H,Scotland,Wales,2,1961,1960,11,November,Wednesday
5099,1962-04-14,Scotland,England,2,0,British Championship,Glasgow,Scotland,False,H,Scotland,England,2,1962,1960,4,April,Saturday
5245,1962-10-20,Wales,Scotland,2,3,British Championship,Cardiff,Wales,False,A,Scotland,Wales,5,1962,1960,10,October,Saturday
5265,1962-11-07,Scotland,Northern Ireland,5,1,British Championship,Glasgow,Scotland,False,H,Scotland,Northern Ireland,6,1962,1960,11,November,Wednesday
5393,1963-04-06,England,Scotland,1,2,British Championship,London,England,False,A,Scotland,England,3,1963,1960,4,April,Saturday
5422,1963-05-08,Scotland,Austria,4,1,Friendly,Glasgow,Scotland,False,H,Scotland,Austria,5,1963,1960,5,May,Wednesday
5446,1963-06-13,Spain,Scotland,2,6,Friendly,Madrid,Spain,False,A,Scotland,Spain,8,1963,1960,6,June,Thursday
5535,1963-11-07,Scotland,Norway,6,1,Friendly,Glasgow,Scotland,False,H,Scotland,Norway,7,1963,1960,11,November,Thursday
5550,1963-11-20,Scotland,Wales,2,1,British Championship,Glasgow,Scotland,False,H,Scotland,Wales,3,1963,1960,11,November,Wednesday
5614,1964-04-11,Scotland,England,1,0,British Championship,Glasgow,Scotland,False,H,Scotland,England,1,1964,1960,4,April,Saturday
5734,1964-10-21,Scotland,Finland,3,1,FIFA World Cup qualification,Glasgow,Scotland,False,H,Scotland,Finland,4,1964,1960,10,October,Wednesday
5762,1964-11-25,Scotland,Northern Ireland,3,2,British Championship,Glasgow,Scotland,False,H,Scotland,Northern Ireland,5,1964,1960,11,November,Wednesday
5900,1965-05-27,Finland,Scotland,1,2,FIFA World Cup qualification,Helsinki,Finland,False,A,Scotland,Finland,3,1965,1960,5,May,Thursday
6056,1965-11-09,Scotland,Italy,1,0,FIFA World Cup qualification,Glasgow,Scotland,False,H,Scotland,Italy,1,1965,1960,11,November,Tuesday
6084,1965-11-24,Scotland,Wales,4,1,British Championship,Glasgow,Scotland,False,H,Scotland,Wales,5,1965,1960,11,November,Wednesday
6381,1966-11-16,Scotland,Northern Ireland,2,1,UEFA Euro qualification,Glasgow,Scotland,False,H,Scotland,Northern Ireland,3,1966,1960,11,November,Wednesday
6546,1967-04-15,England,Scotland,2,3,UEFA Euro qualification,London,England,False,A,Scotland,England,5,1967,1960,4,April,Saturday
6563,1967-05-16,Israel,Scotland,1,2,Friendly,Ramat-Gan,Israel,False,A,Scotland,Israel,3,1967,1960,5,May,Tuesday
6753,1967-11-22,Scotland,Wales,3,2,UEFA Euro qualification,Glasgow,Scotland,False,H,Scotland,Wales,5,1967,1960,11,November,Wednesday
6993,1968-10-16,Denmark,Scotland,0,1,Friendly,Copenhagen,Denmark,False,A,Scotland,Denmark,1,1968,1960,10,October,Wednesday
7021,1968-11-06,Scotland,Austria,2,1,FIFA World Cup qualification,Glasgow,Scotland,False,H,Scotland,Austria,3,1968,1960,11,November,Wednesday
7071,1968-12-11,Cyprus,Scotland,0,5,FIFA World Cup qualification,Nicosia,Cyprus,False,A,Scotland,Cyprus,5,1968,1960,12,December,Wednesday
7171,1969-05-03,Wales,Scotland,3,5,British Championship,Wrexham,Wales,False,A,Scotland,Wales,8,1969,1960,5,May,Saturday
7189,1969-05-17,Scotland,Cyprus,8,0,FIFA World Cup qualification,Glasgow,Scotland,False,H,Scotland,Cyprus,8,1969,1960,5,May,Saturday
7528,1970-04-18,Northern Ireland,Scotland,0,1,British Championship,Belfast,Northern Ireland,False,A,Scotland,Northern Ireland,1,1970,1970,4,April,Saturday
7734,1970-11-11,Scotland,Denmark,1,0,UEFA Euro qualification,Glasgow,Scotland,False,H,Scotland,Denmark,1,1970,1970,11,November,Wednesday
8070,1971-10-13,Scotland,Portugal,2,1,UEFA Euro qualification,Glasgow,Scotland,False,H,Scotland,Portugal,3,1971,1970,10,October,Wednesday
8103,1971-11-10,Scotland,Belgium,1,0,UEFA Euro qualification,Aberdeen,Scotland,False,H,Scotland,Belgium,1,1971,1970,11,November,Wednesday
8268,1972-04-26,Scotland,Peru,2,0,Friendly,Glasgow,Scotland,False,H,Scotland,Peru,2,1972,1970,4,April,Wednesday
8303,1972-05-20,Scotland,Northern Ireland,2,0,British Championship,Glasgow,Scotland,False,H,Scotland,Northern Ireland,2,1972,1970,5,May,Saturday
8309,1972-05-24,Scotland,Wales,1,0,British Championship,Glasgow,Scotland,False,H,Scotland,Wales,1,1972,1970,5,May,Wednesday
8509,1972-10-18,Denmark,Scotland,1,4,FIFA World Cup qualification,Copenhagen,Denmark,False,A,Scotland,Denmark,5,1972,1970,10,October,Wednesday
8535,1972-11-15,Scotland,Denmark,2,0,FIFA World Cup qualification,Glasgow,Scotland,False,H,Scotland,Denmark,2,1972,1970,11,November,Wednesday
8724,1973-05-12,Wales,Scotland,0,2,British Championship,Wrexham,Wales,False,A,Scotland,Wales,2,1973,1970,5,May,Saturday
8937,1973-09-26,Scotland,Czechoslovakia,2,1,FIFA World Cup qualification,Glasgow,Scotland,False,H,Scotland,Czechoslovakia,3,1973,1970,9,September,Wednesday
9163,1974-05-14,Scotland,Wales,2,0,British Championship,Glasgow,Scotland,False,H,Scotland,Wales,2,1974,1970,5,May,Tuesday
9169,1974-05-18,Scotland,England,2,0,British Championship,Glasgow,Scotland,False,H,Scotland,England,2,1974,1970,5,May,Saturday
9191,1974-06-06,Norway,Scotland,1,2,Friendly,Oslo,Norway,False,A,Scotland,Norway,3,1974,1970,6,June,Thursday
9198,1974-06-14,DR Congo,Scotland,0,2,FIFA World Cup,Dortmund,Germany,True,A,Scotland,DR Congo,2,1974,1970,6,June,Friday
9318,1974-10-30,Scotland,German DR,3,0,Friendly,Glasgow,Scotland,False,H,Scotland,German DR,3,1974,1970,10,October,Wednesday
9510,1975-05-13,Scotland,Portugal,1,0,Friendly,Glasgow,Scotland,False,H,Scotland,Portugal,1,1975,1970,5,May,Tuesday
9519,1975-05-20,Scotland,Northern Ireland,3,0,British Championship,Glasgow,Scotland,False,H,Scotland,Northern Ireland,3,1975,1970,5,May,Tuesday
9683,1975-09-03,Denmark,Scotland,0,1,UEFA Euro qualification,Copenhagen,Denmark,False,A,Scotland,Denmark,1,1975,1970,9,September,Wednesday
9730,1975-10-29,Scotland,Denmark,3,1,UEFA Euro qualification,Glasgow,Scotland,False,H,Scotland,Denmark,4,1975,1970,10,October,Wednesday
9884,1976-04-07,Scotland,Switzerland,1,0,Friendly,Glasgow,Scotland,False,H,Scotland,Switzerland,1,1976,1970,4,April,Wednesday
9916,1976-05-06,Scotland,Wales,3,1,British Championship,Glasgow,Scotland,False,H,Scotland,Wales,4,1976,1970,5,May,Thursday
9917,1976-05-08,Scotland,Northern Ireland,3,0,British Championship,Glasgow,Scotland,False,H,Scotland,Northern Ireland,3,1976,1970,5,May,Saturday
9926,1976-05-15,Scotland,England,2,1,British Championship,Glasgow,Scotland,False,H,Scotland,England,3,1976,1970,5,May,Saturday
10039,1976-09-08,Scotland,Finland,6,0,Friendly,Glasgow,Scotland,False,H,Scotland,Finland,6,1976,1970,9,September,Wednesday
10153,1976-11-17,Scotland,Wales,1,0,FIFA World Cup qualification,Glasgow,Scotland,False,H,Scotland,Wales,1,1976,1970,11,November,Wednesday
10345,1977-04-27,Scotland,Sweden,3,1,Friendly,Glasgow,Scotland,False,H,Scotland,Sweden,4,1977,1970,4,April,Wednesday
10374,1977-06-01,Scotland,Northern Ireland,3,0,British Championship,Glasgow,Scotland,False,H,Scotland,Northern Ireland,3,1977,1970,6,June,Wednesday
10377,1977-06-04,England,Scotland,1,2,British Championship,London,England,False,A,Scotland,England,3,1977,1970,6,June,Saturday
10399,1977-06-15,Chile,Scotland,2,4,Friendly,Santiago,Chile,False,A,Scotland,Chile,6,1977,1970,6,June,Wednesday
10498,1977-09-21,Scotland,Czechoslovakia,3,1,FIFA World Cup qualification,Glasgow,Scotland,False,H,Scotland,Czechoslovakia,4,1977,1970,9,September,Wednesday
10539,1977-10-12,Wales,Scotland,0,2,FIFA World Cup qualification,Liverpool,England,True,A,Scotland,Wales,2,1977,1970,10,October,Wednesday
10643,1978-02-22,Scotland,Bulgaria,2,1,Friendly,Glasgow,Scotland,False,H,Scotland,Bulgaria,3,1978,1970,2,February,Wednesday
10769,1978-06-11,Netherlands,Scotland,2,3,FIFA World Cup,Mendoza,Argentina,True,A,Scotland,Netherlands,5,1978,1970,6,June,Sunday
10907,1978-10-25,Scotland,Norway,3,2,UEFA Euro qualification,Glasgow,Scotland,False,H,Scotland,Norway,5,1978,1970,10,October,Wednesday
11096,1979-05-22,Scotland,Northern Ireland,1,0,British Championship,Glasgow,Scotland,False,H,Scotland,Northern Ireland,1,1979,1970,5,May,Tuesday
11114,1979-06-07,Norway,Scotland,0,4,UEFA Euro qualification,Oslo,Norway,False,A,Scotland,Norway,4,1979,1970,6,June,Thursday
11472,1980-03-26,Scotland,Portugal,4,1,UEFA Euro qualification,Glasgow,Scotland,False,H,Scotland,Portugal,5,1980,1980,3,March,Wednesday
11523,1980-05-21,Scotland,Wales,1,0,British Championship,Glasgow,Scotland,False,H,Scotland,Wales,1,1980,1980,5,May,Wednesday
11664,1980-09-10,Sweden,Scotland,0,1,FIFA World Cup qualification,Solna,Sweden,False,A,Scotland,Sweden,1,1980,1980,9,September,Wednesday
11944,1981-02-25,Israel,Scotland,0,1,FIFA World Cup qualification,Ramat-Gan,Israel,False,A,Scotland,Israel,1,1981,1980,2,February,Wednesday
12036,1981-04-28,Scotland,Israel,3,1,FIFA World Cup qualification,Glasgow,Scotland,False,H,Scotland,Israel,4,1981,1980,4,April,Tuesday
12067,1981-05-19,Scotland,Northern Ireland,2,0,British Championship,Glasgow,Scotland,False,H,Scotland,Northern Ireland,2,1981,1980,5,May,Tuesday
12071,1981-05-23,England,Scotland,0,1,British Championship,London,England,False,A,Scotland,England,1,1981,1980,5,May,Saturday
12215,1981-09-09,Scotland,Sweden,2,0,FIFA World Cup qualification,Glasgow,Scotland,False,H,Scotland,Sweden,2,1981,1980,9,September,Wednesday
12460,1982-03-23,Scotland,Netherlands,2,1,Friendly,Glasgow,Scotland,False,H,Scotland,Netherlands,3,1982,1980,3,March,Tuesday
12531,1982-05-24,Scotland,Wales,1,0,British Championship,Glasgow,Scotland,False,H,Scotland,Wales,1,1982,1980,5,May,Monday
12558,1982-06-15,Scotland,New Zealand,5,2,FIFA World Cup,Málaga,Spain,True,H,Scotland,New Zealand,7,1982,1980,6,June,Tuesday
12681,1982-10-13,Scotland,German DR,2,0,UEFA Euro qualification,Glasgow,Scotland,False,H,Scotland,German DR,2,1982,1980,10,October,Wednesday
12883,1983-05-28,Wales,Scotland,0,2,British Championship,Cardiff,Wales,False,A,Scotland,Wales,2,1983,1980,5,May,Saturday
12912,1983-06-12,Canada,Scotland,0,2,Friendly,Vancouver,Canada,False,A,Scotland,Canada,2,1983,1980,6,June,Sunday
12918,1983-06-16,Canada,Scotland,0,3,Friendly,Edmonton,Canada,False,A,Scotland,Canada,3,1983,1980,6,June,Thursday
13072,1983-09-21,Scotland,Uruguay,2,0,Friendly,Glasgow,Scotland,False,H,Scotland,Uruguay,2,1983,1980,9,September,Wednesday
13250,1984-02-28,Scotland,Wales,2,1,British Championship,Glasgow,Scotland,False,H,Scotland,Wales,3,1984,1980,2,February,Tuesday
13498,1984-09-12,Scotland,Yugoslavia,6,1,Friendly,Glasgow,Scotland,False,H,Scotland,Yugoslavia,7,1984,1980,9,September,Wednesday
13562,1984-10-17,Scotland,Iceland,3,0,FIFA World Cup qualification,Glasgow,Scotland,False,H,Scotland,Iceland,3,1984,1980,10,October,Wednesday
13612,1984-11-14,Scotland,Spain,3,1,FIFA World Cup qualification,Glasgow,Scotland,False,H,Scotland,Spain,4,1984,1980,11,November,Wednesday
14023,1985-05-25,Scotland,England,1,0,Rous Cup,Glasgow,Scotland,False,H,Scotland,England,1,1985,1980,5,May,Saturday
14030,1985-05-28,Iceland,Scotland,0,1,FIFA World Cup qualification,Reykjavík,Iceland,False,A,Scotland,Iceland,1,1985,1980,5,May,Tuesday
14263,1985-11-20,Scotland,Australia,2,0,FIFA World Cup qualification,Glasgow,Scotland,False,H,Scotland,Australia,2,1985,1980,11,November,Wednesday
14308,1986-01-28,Israel,Scotland,0,1,Friendly,Ramat-Gan,Israel,False,A,Scotland,Israel,1,1986,1980,1,January,Tuesday
14419,1986-03-26,Scotland,Romania,3,0,Friendly,Glasgow,Scotland,False,H,Scotland,Romania,3,1986,1980,3,March,Wednesday
14657,1986-11-12,Scotland,Luxembourg,3,0,UEFA Euro qualification,Glasgow,Scotland,False,H,Scotland,Luxembourg,3,1986,1980,11,November,Wednesday
14919,1987-09-09,Scotland,Hungary,2,0,Friendly,Glasgow,Scotland,False,H,Scotland,Hungary,2,1987,1980,9,September,Wednesday
14944,1987-10-14,Scotland,Belgium,2,0,UEFA Euro qualification,Glasgow,Scotland,False,H,Scotland,Belgium,2,1987,1980,10,October,Wednesday
14960,1987-11-11,Bulgaria,Scotland,0,1,UEFA Euro qualification,Sofia,Bulgaria,False,A,Scotland,Bulgaria,1,1987,1980,11,November,Wednesday
15395,1988-09-14,Norway,Scotland,1,2,FIFA World Cup qualification,Oslo,Norway,False,A,Scotland,Norway,3,1988,1980,9,September,Wednesday
15637,1989-02-08,Cyprus,Scotland,2,3,FIFA World Cup qualification,Limassol,Cyprus,False,A,Scotland,Cyprus,5,1989,1980,2,February,Wednesday
15674,1989-03-08,Scotland,France,2,0,FIFA World Cup qualification,Glasgow,Scotland,False,H,Scotland,France,2,1989,1980,3,March,Wednesday
15769,1989-04-26,Scotland,Cyprus,2,1,FIFA World Cup qualification,Glasgow,Scotland,False,H,Scotland,Cyprus,3,1989,1980,4,April,Wednesday
15837,1989-05-30,Scotland,Chile,2,0,Rous Cup,Glasgow,Scotland,False,H,Scotland,Chile,2,1989,1980,5,May,Tuesday
16284,1990-03-28,Scotland,Argentina,1,0,Friendly,Glasgow,Scotland,False,H,Scotland,Argentina,1,1990,1990,3,March,Wednesday
16360,1990-05-28,Malta,Scotland,1,2,Friendly,Attard,Malta,False,A,Scotland,Malta,3,1990,1990,5,May,Monday
16404,1990-06-16,Sweden,Scotland,1,2,FIFA World Cup,Genoa,Italy,True,A,Scotland,Sweden,3,1990,1990,6,June,Saturday
16517,1990-09-12,Scotland,Romania,2,1,UEFA Euro qualification,Glasgow,Scotland,False,H,Scotland,Romania,3,1990,1990,9,September,Wednesday
16549,1990-10-17,Scotland,Switzerland,2,1,UEFA Euro qualification,Glasgow,Scotland,False,H,Scotland,Switzerland,3,1990,1990,10,October,Wednesday
16741,1991-05-01,San Marino,Scotland,0,2,UEFA Euro qualification,Serravalle,San Marino,False,A,Scotland,San Marino,2,1991,1990,5,May,Wednesday
17050,1991-11-13,Scotland,San Marino,4,0,UEFA Euro qualification,Glasgow,Scotland,False,H,Scotland,San Marino,4,1991,1990,11,November,Wednesday
17153,1992-02-19,Scotland,Northern Ireland,1,0,Friendly,Glasgow,Scotland,False,H,Scotland,Northern Ireland,1,1992,1990,2,February,Wednesday
17243,1992-05-17,United States,Scotland,0,1,Friendly,Denver,United States,False,A,Scotland,United States,1,1992,1990,5,May,Sunday
17246,1992-05-20,Canada,Scotland,1,3,Friendly,Toronto,Canada,False,A,Scotland,Canada,4,1992,1990,5,May,Wednesday
17315,1992-06-18,Scotland,Russia,3,0,UEFA Euro,Norrköping,Sweden,True,H,Scotland,Russia,3,1992,1990,6,June,Thursday
17776,1993-02-17,Scotland,Malta,3,0,FIFA World Cup qualification,Glasgow,Scotland,False,H,Scotland,Malta,3,1993,1990,2,February,Wednesday
18017,1993-05-19,Estonia,Scotland,0,3,FIFA World Cup qualification,Tallinn,Estonia,False,A,Scotland,Estonia,3,1993,1990,5,May,Wednesday
18073,1993-06-02,Scotland,Estonia,3,1,FIFA World Cup qualification,Aberdeen,Scotland,False,H,Scotland,Estonia,4,1993,1990,6,June,Wednesday
18397,1993-11-17,Malta,Scotland,0,2,FIFA World Cup qualification,Attard,Malta,False,A,Scotland,Malta,2,1993,1990,11,November,Wednesday
18595,1994-04-20,Austria,Scotland,1,2,Friendly,Vienna,Austria,False,A,Scotland,Austria,3,1994,1990,4,April,Wednesday
18813,1994-09-07,Finland,Scotland,0,2,UEFA Euro qualification,Helsinki,Finland,False,A,Scotland,Finland,2,1994,1990,9,September,Wednesday
18867,1994-10-12,Scotland,Faroe Islands,5,1,UEFA Euro qualification,Glasgow,Scotland,False,H,Scotland,Faroe Islands,6,1994,1990,10,October,Wednesday
19191,1995-04-26,San Marino,Scotland,0,2,UEFA Euro qualification,Serravalle,San Marino,False,A,Scotland,San Marino,2,1995,1990,4,April,Wednesday
19224,1995-05-24,Ecuador,Scotland,1,2,Kirin Cup,Toyama,Japan,True,A,Scotland,Ecuador,3,1995,1990,5,May,Wednesday
19266,1995-06-07,Faroe Islands,Scotland,0,2,UEFA Euro qualification,Toftir,Faroe Islands,False,A,Scotland,Faroe Islands,2,1995,1990,6,June,Wednesday
19421,1995-08-16,Scotland,Greece,1,0,UEFA Euro qualification,Glasgow,Scotland,False,H,Scotland,Greece,1,1995,1990,8,August,Wednesday
19462,1995-09-06,Scotland,Finland,1,0,UEFA Euro qualification,Glasgow,Scotland,False,H,Scotland,Finland,1,1995,1990,9,September,Wednesday
19553,1995-11-15,Scotland,San Marino,5,0,UEFA Euro qualification,Glasgow,Scotland,False,H,Scotland,San Marino,5,1995,1990,11,November,Wednesday
19790,1996-03-27,Scotland,Australia,1,0,Friendly,Glasgow,Scotland,False,H,Scotland,Australia,1,1996,1990,3,March,Wednesday
20022,1996-06-18,Scotland,Switzerland,1,0,UEFA Euro,Birmingham,England,True,H,Scotland,Switzerland,1,1996,1990,6,June,Tuesday
20241,1996-10-05,Latvia,Scotland,0,2,FIFA World Cup qualification,Riga,Latvia,False,A,Scotland,Latvia,2,1996,1990,10,October,Saturday
20360,1996-11-10,Scotland,Sweden,1,0,FIFA World Cup qualification,Glasgow,Scotland,False,H,Scotland,Sweden,1,1996,1990,11,November,Sunday
20647,1997-03-29,Scotland,Estonia,2,0,FIFA World Cup qualification,Kilmarnock,Scotland,False,H,Scotland,Estonia,2,1997,1990,3,March,Saturday
20679,1997-04-02,Scotland,Austria,2,0,FIFA World Cup qualification,Glasgow,Scotland,False,H,Scotland,Austria,2,1997,1990,4,April,Wednesday
20831,1997-06-01,Malta,Scotland,2,3,Friendly,Attard,Malta,False,A,Scotland,Malta,5,1997,1990,6,June,Sunday
20860,1997-06-08,Belarus,Scotland,0,1,FIFA World Cup qualification,Minsk,Belarus,False,A,Scotland,Belarus,1,1997,1990,6,June,Sunday
21124,1997-09-07,Scotland,Belarus,4,1,FIFA World Cup qualification,Aberdeen,Scotland,False,H,Scotland,Belarus,5,1997,1990,9,September,Sunday
21214,1997-10-11,Scotland,Latvia,2,0,FIFA World Cup qualification,Glasgow,Scotland,False,H,Scotland,Latvia,2,1997,1990,10,October,Saturday
21937,1998-10-10,Scotland,Estonia,3,2,UEFA Euro qualification,Edinburgh,Scotland,False,H,Scotland,Estonia,5,1998,1990,10,October,Saturday
21958,1998-10-14,Scotland,Faroe Islands,2,1,UEFA Euro qualification,Aberdeen,Scotland,False,H,Scotland,Faroe Islands,3,1998,1990,10,October,Wednesday
22250,1999-04-28,Germany,Scotland,0,1,Friendly,Bremen,Germany,False,A,Scotland,Germany,1,1999,1990,4,April,Wednesday
22570,1999-09-04,Bosnia and Herzegovina,Scotland,1,2,UEFA Euro qualification,Sarajevo,Bosnia and Herzegovina,False,A,Scotland,Bosnia and Herzegovina,3,1999,1990,9,September,Saturday
22627,1999-10-05,Scotland,Bosnia and Herzegovina,1,0,UEFA Euro qualification,Glasgow,Scotland,False,H,Scotland,Bosnia and Herzegovina,1,1999,1990,10,October,Tuesday
22649,1999-10-09,Scotland,Lithuania,3,0,UEFA Euro qualification,Glasgow,Scotland,False,H,Scotland,Lithuania,3,1999,1990,10,October,Saturday
22716,1999-11-17,England,Scotland,0,1,UEFA Euro qualification,London,England,False,A,Scotland,England,1,1999,1990,11,November,Wednesday
23254,2000-05-30,Republic of Ireland,Scotland,1,2,Friendly,Dublin,Republic of Ireland,False,A,Scotland,Republic of Ireland,3,2000,2000,5,May,Tuesday
23554,2000-09-02,Latvia,Scotland,0,1,FIFA World Cup qualification,Riga,Latvia,False,A,Scotland,Latvia,1,2000,2000,9,September,Saturday
23636,2000-10-07,San Marino,Scotland,0,2,FIFA World Cup qualification,Serravalle,San Marino,False,A,Scotland,San Marino,2,2000,2000,10,October,Saturday
24083,2001-03-28,Scotland,San Marino,4,0,FIFA World Cup qualification,Glasgow,Scotland,False,H,Scotland,San Marino,4,2001,2000,3,March,Wednesday
24688,2001-10-06,Scotland,Latvia,2,1,FIFA World Cup qualification,Glasgow,Scotland,False,H,Scotland,Latvia,3,2001,2000,10,October,Saturday
25382,2002-10-12,Iceland,Scotland,0,2,UEFA Euro qualification,Reykjavík,Iceland,False,A,Scotland,Iceland,2,2002,2000,10,October,Saturday
25409,2002-10-15,Scotland,Canada,3,1,Friendly,Edinburgh,Scotland,False,H,Scotland,Canada,4,2002,2000,10,October,Tuesday
25771,2003-03-29,Scotland,Iceland,2,1,UEFA Euro qualification,Glasgow,Scotland,False,H,Scotland,Iceland,3,2003,2000,3,March,Saturday
26195,2003-09-06,Scotland,Faroe Islands,3,1,UEFA Euro qualification,Glasgow,Scotland,False,H,Scotland,Faroe Islands,4,2003,2000,9,September,Saturday
26306,2003-10-11,Scotland,Lithuania,1,0,UEFA Euro qualification,Glasgow,Scotland,False,H,Scotland,Lithuania,1,2003,2000,10,October,Saturday
26402,2003-11-15,Scotland,Netherlands,1,0,UEFA Euro qualification,Glasgow,Scotland,False,H,Scotland,Netherlands,1,2003,2000,11,November,Saturday
26846,2004-05-27,Estonia,Scotland,0,1,Friendly,Tallinn,Estonia,False,A,Scotland,Estonia,1,2004,2000,5,May,Thursday
26871,2004-05-30,Scotland,Trinidad and Tobago,4,1,Friendly,Edinburgh,Scotland,False,H,Scotland,Trinidad and Tobago,5,2004,2000,5,May,Sunday
27865,2005-06-04,Scotland,Moldova,2,0,FIFA World Cup qualification,Glasgow,Scotland,False,H,Scotland,Moldova,2,2005,2000,6,June,Saturday
28156,2005-09-07,Norway,Scotland,1,2,FIFA World Cup qualification,Oslo,Norway,False,A,Scotland,Norway,3,2005,2000,9,September,Wednesday
28249,2005-10-12,Slovenia,Scotland,0,3,FIFA World Cup qualification,Celje,Slovenia,False,A,Scotland,Slovenia,3,2005,2000,10,October,Wednesday
28581,2006-05-11,Bulgaria,Scotland,1,5,Kirin Cup,Kobe,Japan,True,A,Scotland,Bulgaria,6,2006,2000,5,May,Thursday
28872,2006-09-02,Scotland,Faroe Islands,6,0,UEFA Euro qualification,Glasgow,Scotland,False,H,Scotland,Faroe Islands,6,2006,2000,9,September,Saturday
28919,2006-09-06,Lithuania,Scotland,1,2,UEFA Euro qualification,Kaunas,Lithuania,False,A,Scotland,Lithuania,3,2006,2000,9,September,Wednesday
29007,2006-10-07,Scotland,France,1,0,UEFA Euro qualification,Glasgow,Scotland,False,H,Scotland,France,1,2006,2000,10,October,Saturday
29381,2007-03-24,Scotland,Georgia,2,1,UEFA Euro qualification,Glasgow,Scotland,False,H,Scotland,Georgia,3,2007,2000,3,March,Saturday
29477,2007-05-30,Austria,Scotland,0,1,Friendly,Vienna,Austria,False,A,Scotland,Austria,1,2007,2000,5,May,Wednesday
29550,2007-06-06,Faroe Islands,Scotland,0,2,UEFA Euro qualification,Toftir,Faroe Islands,False,A,Scotland,Faroe Islands,2,2007,2000,6,June,Wednesday
29797,2007-08-22,Scotland,South Africa,1,0,Friendly,Aberdeen,Scotland,False,H,Scotland,South Africa,1,2007,2000,8,August,Wednesday
29869,2007-09-08,Scotland,Lithuania,3,1,UEFA Euro qualification,Glasgow,Scotland,False,H,Scotland,Lithuania,4,2007,2000,9,September,Saturday
29907,2007-09-12,France,Scotland,0,1,UEFA Euro qualification,Paris,France,False,A,Scotland,France,1,2007,2000,9,September,Wednesday
29970,2007-10-13,Scotland,Ukraine,3,1,UEFA Euro qualification,Glasgow,Scotland,False,H,Scotland,Ukraine,4,2007,2000,10,October,Saturday
30983,2008-09-10,Iceland,Scotland,1,2,FIFA World Cup qualification,Reykjavík,Iceland,False,A,Scotland,Iceland,3,2008,2000,9,September,Wednesday
31527,2009-04-01,Scotland,Iceland,2,1,FIFA World Cup qualification,Glasgow,Scotland,False,H,Scotland,Iceland,3,2009,2000,4,April,Wednesday
31885,2009-09-05,Scotland,North Macedonia,2,0,FIFA World Cup qualification,Glasgow,Scotland,False,H,Scotland,North Macedonia,2,2009,2000,9,September,Saturday
32329,2010-03-03,Scotland,Czech Republic,1,0,Friendly,Glasgow,Scotland,False,H,Scotland,Czech Republic,1,2010,2010,3,March,Wednesday
32697,2010-09-07,Scotland,Liechtenstein,2,1,UEFA Euro qualification,Glasgow,Scotland,False,H,Scotland,Liechtenstein,3,2010,2010,9,September,Tuesday
32914,2010-11-16,Scotland,Faroe Islands,3,0,Friendly,Aberdeen,Scotland,False,H,Scotland,Faroe Islands,3,2010,2010,11,November,Tuesday
33165,2011-02-09,Scotland,Northern Ireland,3,0,Nations Cup,Dublin,Republic of Ireland,True,H,Scotland,Northern Ireland,3,2011,2010,2,February,Wednesday
33312,2011-05-25,Wales,Scotland,1,3,Nations Cup,Dublin,Republic of Ireland,True,A,Scotland,Wales,4,2011,2010,5,May,Wednesday
33617,2011-08-10,Scotland,Denmark,2,1,Friendly,Glasgow,Scotland,False,H,Scotland,Denmark,3,2011,2010,8,August,Wednesday
33792,2011-09-06,Scotland,Lithuania,1,0,UEFA Euro qualification,Glasgow,Scotland,False,H,Scotland,Lithuania,1,2011,2010,9,September,Tuesday
33873,2011-10-08,Liechtenstein,Scotland,0,1,UEFA Euro qualification,Vaduz,Liechtenstein,False,A,Scotland,Liechtenstein,1,2011,2010,10,October,Saturday
33961,2011-11-11,Cyprus,Scotland,1,2,Friendly,Larnaca,Cyprus,False,A,Scotland,Cyprus,3,2011,2010,11,November,Friday
34649,2012-08-15,Scotland,Australia,3,1,Friendly,Edinburgh,Scotland,False,H,Scotland,Australia,4,2012,2010,8,August,Wednesday
34990,2012-11-14,Luxembourg,Scotland,1,2,Friendly,Luxembourg,Luxembourg,False,A,Scotland,Luxembourg,3,2012,2010,11,November,Wednesday
35272,2013-02-06,Scotland,Estonia,1,0,Friendly,Aberdeen,Scotland,False,H,Scotland,Estonia,1,2013,2010,2,February,Wednesday
35497,2013-06-07,Croatia,Scotland,0,1,FIFA World Cup qualification,Zagreb,Croatia,False,A,Scotland,Croatia,1,2013,2010,6,June,Friday
35856,2013-09-10,North Macedonia,Scotland,1,2,FIFA World Cup qualification,Skopje,North Macedonia,False,A,Scotland,North Macedonia,3,2013,2010,9,September,Tuesday
35963,2013-10-15,Scotland,Croatia,2,0,FIFA World Cup qualification,Glasgow,Scotland,False,H,Scotland,Croatia,2,2013,2010,10,October,Tuesday
36053,2013-11-19,Norway,Scotland,0,1,Friendly,Molde,Norway,False,A,Scotland,Norway,1,2013,2010,11,November,Tuesday
36208,2014-03-05,Poland,Scotland,0,1,Friendly,Warsaw,Poland,False,A,Scotland,Poland,1,2014,2010,3,March,Wednesday
36721,2014-10-11,Scotland,Georgia,1,0,UEFA Euro qualification,Glasgow,Scotland,False,H,Scotland,Georgia,1,2014,2010,10,October,Saturday
36845,2014-11-14,Scotland,Republic of Ireland,1,0,UEFA Euro qualification,Glasgow,Scotland,False,H,Scotland,Republic of Ireland,1,2014,2010,11,November,Friday
37091,2015-03-25,Scotland,Northern Ireland,1,0,Friendly,Glasgow,Scotland,False,H,Scotland,Northern Ireland,1,2015,2010,3,March,Wednesday
37149,2015-03-29,Scotland,Gibraltar,6,1,UEFA Euro qualification,Glasgow,Scotland,False,H,Scotland,Gibraltar,7,2015,2010,3,March,Sunday
37241,2015-06-05,Scotland,Qatar,1,0,Friendly,Edinburgh,Scotland,False,H,Scotland,Qatar,1,2015,2010,6,June,Friday
37715,2015-10-11,Gibraltar,Scotland,0,6,UEFA Euro qualification,Faro,Portugal,True,A,Scotland,Gibraltar,6,2015,2010,10,October,Sunday
38052,2016-03-24,Czech Republic,Scotland,0,1,Friendly,Prague,Czech Republic,False,A,Scotland,Czech Republic,1,2016,2010,3,March,Thursday
38183,2016-03-29,Scotland,Denmark,1,0,Friendly,Glasgow,Scotland,False,H,Scotland,Denmark,1,2016,2010,3,March,Tuesday
38569,2016-09-04,Malta,Scotland,1,5,FIFA World Cup qualification,Attard,Malta,False,A,Scotland,Malta,6,2016,2010,9,September,Sunday
39047,2017-03-26,Scotland,Slovenia,1,0,FIFA World Cup qualification,Glasgow,Scotland,False,H,Scotland,Slovenia,1,2017,2010,3,March,Sunday
39484,2017-09-01,Lithuania,Scotland,0,3,FIFA World Cup qualification,Vilnius,Lithuania,False,A,Scotland,Lithuania,3,2017,2010,9,September,Friday
39532,2017-09-04,Scotland,Malta,2,0,FIFA World Cup qualification,Glasgow,Scotland,False,H,Scotland,Malta,2,2017,2010,9,September,Monday
39596,2017-10-05,Scotland,Slovakia,1,0,FIFA World Cup qualification,Glasgow,Scotland,False,H,Scotland,Slovakia,1,2017,2010,10,October,Thursday
40016,2018-03-27,Hungary,Scotland,0,1,Friendly,Budapest,Hungary,False,A,Scotland,Hungary,1,2018,2010,3,March,Tuesday
40409,2018-09-10,Scotland,Albania,2,0,UEFA Nations League,Glasgow,Scotland,False,H,Scotland,Albania,2,2018,2010,9,September,Monday
40654,2018-11-17,Albania,Scotland,0,4,UEFA Nations League,Shkodër,Albania,False,A,Scotland,Albania,4,2018,2010,11,November,Saturday
40705,2018-11-20,Scotland,Israel,3,2,UEFA Nations League,Glasgow,Scotland,False,H,Scotland,Israel,5,2018,2010,11,November,Tuesday
40908,2019-03-24,San Marino,Scotland,0,2,UEFA Euro qualification,Serravalle,San Marino,False,A,Scotland,San Marino,2,2019,2010,3,March,Sunday
41065,2019-06-08,Scotland,Cyprus,2,1,UEFA Euro qualification,Glasgow,Scotland,False,H,Scotland,Cyprus,3,2019,2010,6,June,Saturday
41629,2019-10-13,Scotland,San Marino,6,0,UEFA Euro qualification,Glasgow,Scotland,False,H,Scotland,San Marino,6,2019,2010,10,October,Sunday
41813,2019-11-16,Cyprus,Scotland,1,2,UEFA Euro qualification,Nicosia,Cyprus,False,A,Scotland,Cyprus,3,2019,2010,11,November,Saturday
41880,2019-11-19,Scotland,Kazakhstan,3,1,UEFA Euro qualification,Glasgow,Scotland,False,H,Scotland,Kazakhstan,4,2019,2010,11,November,Tuesday
41981,2020-09-07,Czech Republic,Scotland,1,2,UEFA Nations League,Olomouc,Czech Republic,False,A,Scotland,Czech Republic,3,2020,2020,9,September,Monday
42058,2020-10-11,Scotland,Slovakia,1,0,UEFA Nations League,Glasgow,Scotland,False,H,Scotland,Slovakia,1,2020,2020,10,October,Sunday
42106,2020-10-14,Scotland,Czech Republic,1,0,UEFA Nations League,Glasgow,Scotland,False,H,Scotland,Czech Republic,1,2020,2020,10,October,Wednesday
42419,2021-03-31,Scotland,Faroe Islands,4,0,FIFA World Cup qualification,Glasgow,Scotland,False,H,Scotland,Faroe Islands,4,2021,2020,3,March,Wednesday
42529,2021-06-06,Luxembourg,Scotland,0,1,Friendly,Luxembourg City,Luxembourg,False,A,Scotland,Luxembourg,1,2021,2020,6,June,Sunday
42871,2021-09-04,Scotland,Moldova,1,0,FIFA World Cup qualification,Glasgow,Scotland,False,H,Scotland,Moldova,1,2021,2020,9,September,Saturday
42937,2021-09-07,Austria,Scotland,0,1,FIFA World Cup qualification,Vienna,Austria,False,A,Scotland,Austria,1,2021,2020,9,September,Tuesday
43033,2021-10-09,Scotland,Israel,3,2,FIFA World Cup qualification,Glasgow,Scotland,False,H,Scotland,Israel,5,2021,2020,10,October,Saturday
43102,2021-10-12,Faroe Islands,Scotland,0,1,FIFA World Cup qualification,Tórshavn,Faroe Islands,False,A,Scotland,Faroe Islands,1,2021,2020,10,October,Tuesday
43181,2021-11-12,Moldova,Scotland,0,2,FIFA World Cup qualification,Chișinău,Moldova,False,A,Scotland,Moldova,2,2021,2020,11,November,Friday
43232,2021-11-15,Scotland,Denmark,2,0,FIFA World Cup qualification,Glasgow,Scotland,False,H,Scotland,Denmark,2,2021,2020,11,November,Monday
43780,2022-06-08,Scotland,Armenia,2,0,UEFA Nations League,Glasgow,Scotland,False,H,Scotland,Armenia,2,2022,2020,6,June,Wednesday
43905,2022-06-14,Armenia,Scotland,1,4,UEFA Nations League,Yerevan,Armenia,False,A,Scotland,Armenia,5,2022,2020,6,June,Tuesday
43927,2022-09-21,Scotland,Ukraine,3,0,UEFA Nations League,Glasgow,Scotland,False,H,Scotland,Ukraine,3,2022,2020,9,September,Wednesday
43988,2022-09-24,Scotland,Republic of Ireland,2,1,UEFA Nations League,Glasgow,Scotland,False,H,Scotland,Republic of Ireland,3,2022,2020,9,September,Saturday
